parameter,reaction,metabolite
km_substrate_2DDA7Ptm,2DDA7Ptm,_2dda7p_c
km_product_2DDA7Ptm,2DDA7Ptm,_2dda7p_m
km_substrate_2OBUTtm,2OBUTtm,_2obut_c
km_product_2OBUTtm,2OBUTtm,_2obut_m
km_substrate1_2OXOADPTm,2OXOADPTm,akg_c
km_product1_2OXOADPTm,2OXOADPTm,akg_m
km_substrate2_2OXOADPTm,2OXOADPTm,_2oxoadp_m
km_product2_2OXOADPTm,2OXOADPTm,_2oxoadp_c
km_substrate_2PGt6,2PGt6,_2pg_e
km_product_2PGt6,2PGt6,_2pg_c
km_substrate_2PHETOHt,2PHETOHt,_2phetoh_e
km_product_2PHETOHt,2PHETOHt,_2phetoh_c
km_substrate_2PHETOHtm,2PHETOHtm,_2phetoh_m
km_product_2PHETOHtm,2PHETOHtm,_2phetoh_c
km_substrate_3C3HMPtm,3C3HMPtm,_3c3hmp_c
km_product_3C3HMPtm,3C3HMPtm,_3c3hmp_m
km_substrate_3MOPtm,3MOPtm,_3mop_c
km_product_3MOPtm,3MOPtm,_3mop_m
km_substrate_3PGt6,3PGt6,_3pg_e
km_product_3PGt6,3PGt6,_3pg_c
km_substrate_6PGCt6,6PGCt6,_6pgc_e
km_product_6PGCt6,6PGCt6,_6pgc_c
km_substrate_6PHOPHO,6PHOPHO,_6pgc_c
km_product1_6PHOPHO,6PHOPHO,pi_c
km_product2_6PHOPHO,6PHOPHO,glcn_c
km_substrate1_AATA,AATA,glu__L_c
km_product1_AATA,AATA,akg_c
km_substrate2_AATA,AATA,_2oxoadp_c
km_product2_AATA,AATA,L2aadp_c
km_substrate1_ABTA,ABTA,akg_c
km_product1_ABTA,ABTA,sucsal_c
km_substrate2_ABTA,ABTA,_4abut_c
km_product2_ABTA,ABTA,glu__L_c
km_substrate1_ACACT1r,ACACT1r,accoa_c
km_product1_ACACT1r,ACACT1r,coa_c
km_product2_ACACT1r,ACACT1r,aacoa_c
km_substrate_ACALDt,ACALDt,acald_e
km_product_ACALDt,ACALDt,acald_c
km_substrate_ACALDtm,ACALDtm,acald_m
km_product_ACALDtm,ACALDtm,acald_c
km_substrate1_ACCOAC,ACCOAC,hco3_c
km_product1_ACCOAC,ACCOAC,pi_c
km_substrate2_ACCOAC,ACCOAC,atp_c
km_product2_ACCOAC,ACCOAC,malcoa_c
km_substrate3_ACCOAC,ACCOAC,accoa_c
km_product3_ACCOAC,ACCOAC,adp_c
km_substrate_ACN_a_m,ACN_a_m,cit_m
km_product_ACN_a_m,ACN_a_m,acon_C_m
km_substrate_ACN_b_m,ACN_b_m,acon_C_m
km_product_ACN_b_m,ACN_b_m,icit_m
km_substrate_ACOAHim,ACOAHim,accoa_m
km_product1_ACOAHim,ACOAHim,coa_m
km_product2_ACOAHim,ACOAHim,ac_m
km_substrate_ACONTa,ACONTa,cit_c
km_product_ACONTa,ACONTa,acon_C_c
km_substrate_ACONTb,ACONTb,acon_C_c
km_product_ACONTb,ACONTb,icit_c
km_substrate_ACONTm,ACONTm,cit_m
km_product_ACONTm,ACONTm,icit_m
km_substrate1_ACOTAim,ACOTAim,glu__L_m
km_product1_ACOTAim,ACOTAim,akg_m
km_substrate2_ACOTAim,ACOTAim,acg5sa_m
km_product2_ACOTAim,ACOTAim,acorn_m
km_substrate1_ACS,ACS,coa_c
km_product1_ACS,ACS,ppi_c
km_substrate2_ACS,ACS,atp_c
km_product2_ACS,ACS,amp_c
km_substrate3_ACS,ACS,ac_c
km_product3_ACS,ACS,accoa_c
km_substrate1_ACSm,ACSm,coa_m
km_product1_ACSm,ACSm,ppi_m
km_substrate2_ACSm,ACSm,atp_m
km_product2_ACSm,ACSm,amp_m
km_substrate3_ACSm,ACSm,ac_m
km_product3_ACSm,ACSm,accoa_m
km_substrate_ACtr,ACtr,ac_c
km_product_ACtr,ACtr,ac_e
km_substrate1_ADCS,ADCS,gln__L_c
km_product1_ADCS,ADCS,glu__L_c
km_substrate2_ADCS,ADCS,chor_c
km_product2_ADCS,ADCS,_4adcho_c
km_substrate1_ADK1,ADK1,atp_c
km_product1_ADK1,ADK1,adp_c
km_substrate2_ADK1,ADK1,amp_c
km_substrate1_ADK1m,ADK1m,atp_m
km_product1_ADK1m,ADK1m,adp_m
km_substrate2_ADK1m,ADK1m,amp_m
km_substrate_ADSL1r,ADSL1r,dcamp_c
km_product1_ADSL1r,ADSL1r,fum_c
km_product2_ADSL1r,ADSL1r,amp_c
km_substrate_ADSL2r,ADSL2r,_25aics_c
km_product1_ADSL2r,ADSL2r,fum_c
km_product2_ADSL2r,ADSL2r,aicar_c
km_substrate1_ADSS,ADSS,imp_c
km_product1_ADSS,ADSS,pi_c
km_substrate2_ADSS,ADSS,gtp_c
km_product2_ADSS,ADSS,gdp_c
km_substrate3_ADSS,ADSS,asp__L_c
km_product3_ADSS,ADSS,dcamp_c
km_substrate1_AGTi,AGTi,glx_c
km_product1_AGTi,AGTi,pyr_c
km_substrate2_AGTi,AGTi,ala__L_c
km_product2_AGTi,AGTi,gly_c
km_substrate1_AKGCITtm,AKGCITtm,cit_m
km_product1_AKGCITtm,AKGCITtm,cit_c
km_substrate2_AKGCITtm,AKGCITtm,akg_c
km_product2_AKGCITtm,AKGCITtm,akg_m
km_substrate1_AKGDam,AKGDam,lpam_m
km_product1_AKGDam,AKGDam,sdhlam_m
km_substrate2_AKGDam,AKGDam,akg_m
km_product2_AKGDam,AKGDam,co2_m
km_substrate1_AKGDbm,AKGDbm,sdhlam_m
km_product1_AKGDbm,AKGDbm,succoa_m
km_substrate2_AKGDbm,AKGDbm,coa_m
km_product2_AKGDbm,AKGDbm,dhlam_m
km_substrate1_AKGMAL,AKGMAL,mal__L_e
km_product1_AKGMAL,AKGMAL,mal__L_c
km_substrate2_AKGMAL,AKGMAL,akg_c
km_product2_AKGMAL,AKGMAL,akg_e
km_substrate1_AKGMALtm,AKGMALtm,mal__L_c
km_product1_AKGMALtm,AKGMALtm,mal__L_m
km_substrate2_AKGMALtm,AKGMALtm,akg_m
km_product2_AKGMALtm,AKGMALtm,akg_c
km_substrate_AKGt,AKGt,akg_e
km_product_AKGt,AKGt,akg_c
km_substrate1_ALATA_L,ALATA_L,ala__L_c
km_product1_ALATA_L,ALATA_L,pyr_c
km_substrate2_ALATA_L,ALATA_L,akg_c
km_product2_ALATA_L,ALATA_L,glu__L_c
km_substrate1_ALATA_Lm,ALATA_Lm,ala__L_m
km_product1_ALATA_Lm,ALATA_Lm,pyr_m
km_substrate2_ALATA_Lm,ALATA_Lm,akg_m
km_product2_ALATA_Lm,ALATA_Lm,glu__L_m
km_substrate_ALAt2r,ALAt2r,ala__L_e
km_product_ALAt2r,ALAt2r,ala__L_c
km_substrate_ALAtmi,ALAtmi,ala__L_m
km_product_ALAtmi,ALAtmi,ala__L_c
km_substrate1_ALCD25xi,ALCD25xi,pacald_c
km_product1_ALCD25xi,ALCD25xi,nad_c
km_substrate2_ALCD25xi,ALCD25xi,nadh_c
km_product2_ALCD25xi,ALCD25xi,_2phetoh_c
km_substrate1_ALCD25xim,ALCD25xim,pacald_m
km_product1_ALCD25xim,ALCD25xim,nad_m
km_substrate2_ALCD25xim,ALCD25xim,nadh_m
km_product2_ALCD25xim,ALCD25xim,_2phetoh_m
km_substrate1_ALCD25yi,ALCD25yi,pacald_c
km_product1_ALCD25yi,ALCD25yi,nadp_c
km_substrate2_ALCD25yi,ALCD25yi,nadph_c
km_product2_ALCD25yi,ALCD25yi,_2phetoh_c
km_substrate1_ALCD26xi,ALCD26xi,nadh_c
km_product1_ALCD26xi,ALCD26xi,nad_c
km_substrate2_ALCD26xi,ALCD26xi,id3acald_c
km_product2_ALCD26xi,ALCD26xi,ind3eth_c
km_substrate1_ALCD26xim,ALCD26xim,nadh_m
km_product1_ALCD26xim,ALCD26xim,nad_m
km_substrate2_ALCD26xim,ALCD26xim,id3acald_m
km_product2_ALCD26xim,ALCD26xim,ind3eth_m
km_substrate1_ALCD2ir,ALCD2ir,nadh_c
km_product1_ALCD2ir,ALCD2ir,nad_c
km_substrate2_ALCD2ir,ALCD2ir,acald_c
km_product2_ALCD2ir,ALCD2ir,etoh_c
km_substrate1_ALCD2irm,ALCD2irm,nadh_m
km_product1_ALCD2irm,ALCD2irm,nad_m
km_substrate2_ALCD2irm,ALCD2irm,acald_m
km_product2_ALCD2irm,ALCD2irm,etoh_m
km_substrate1_ALCD2x,ALCD2x,nad_c
km_product1_ALCD2x,ALCD2x,nadh_c
km_substrate2_ALCD2x,ALCD2x,etoh_c
km_product2_ALCD2x,ALCD2x,acald_c
km_substrate1_ALDD2x,ALDD2x,nad_c
km_product1_ALDD2x,ALDD2x,nadh_c
km_substrate2_ALDD2x,ALDD2x,acald_c
km_product2_ALDD2x,ALDD2x,ac_c
km_substrate1_ALDD2xm,ALDD2xm,nad_m
km_product1_ALDD2xm,ALDD2xm,nadh_m
km_substrate2_ALDD2xm,ALDD2xm,acald_m
km_product2_ALDD2xm,ALDD2xm,ac_m
km_substrate1_ALDD2y,ALDD2y,nadp_c
km_product1_ALDD2y,ALDD2y,nadph_c
km_substrate2_ALDD2y,ALDD2y,acald_c
km_product2_ALDD2y,ALDD2y,ac_c
km_substrate1_ALDD2ym,ALDD2ym,nadp_m
km_product1_ALDD2ym,ALDD2ym,nadph_m
km_substrate2_ALDD2ym,ALDD2ym,acald_m
km_product2_ALDD2ym,ALDD2ym,ac_m
km_substrate_AMPDA,AMPDA,amp_c
km_product1_AMPDA,AMPDA,nh4_c
km_product2_AMPDA,AMPDA,imp_c
km_substrate_AMPtrm,AMPtrm,amp_c
km_product_AMPtrm,AMPtrm,amp_erm
km_substrate1_ANPRT,ANPRT,prpp_c
km_product1_ANPRT,ANPRT,pran_c
km_substrate2_ANPRT,ANPRT,anth_c
km_product2_ANPRT,ANPRT,ppi_c
km_substrate1_ANS,ANS,gln__L_c
km_product1_ANS,ANS,pyr_c
km_substrate2_ANS,ANS,chor_c
km_product2_ANS,ANS,glu__L_c
km_product3_ANS,ANS,anth_c
km_substrate_ASNN,ASNN,asn__L_c
km_product1_ASNN,ASNN,nh4_c
km_product2_ASNN,ASNN,asp__L_c
km_substrate1_ASNS1,ASNS1,gln__L_c
km_product1_ASNS1,ASNS1,ppi_c
km_substrate2_ASNS1,ASNS1,atp_c
km_product2_ASNS1,ASNS1,glu__L_c
km_substrate3_ASNS1,ASNS1,asp__L_c
km_product3_ASNS1,ASNS1,asn__L_c
km_product4_ASNS1,ASNS1,amp_c
km_substrate_ASNt2r,ASNt2r,asn__L_e
km_product_ASNt2r,ASNt2r,asn__L_c
km_substrate1_ASPCT,ASPCT,cbp_c
km_product1_ASPCT,ASPCT,pi_c
km_substrate2_ASPCT,ASPCT,asp__L_c
km_product2_ASPCT,ASPCT,cbasp_c
km_substrate1_ASPGLU2m,ASPGLU2m,glu__L_c
km_product1_ASPGLU2m,ASPGLU2m,glu__L_m
km_substrate2_ASPGLU2m,ASPGLU2m,asp__L_m
km_product2_ASPGLU2m,ASPGLU2m,asp__L_c
km_substrate1_ASPTA,ASPTA,asp__L_c
km_product1_ASPTA,ASPTA,oaa_c
km_substrate2_ASPTA,ASPTA,akg_c
km_product2_ASPTA,ASPTA,glu__L_c
km_substrate1_ASPTAm,ASPTAm,oaa_m
km_product1_ASPTAm,ASPTAm,asp__L_m
km_substrate2_ASPTAm,ASPTAm,glu__L_m
km_product2_ASPTAm,ASPTAm,akg_m
km_substrate_ASPt2r,ASPt2r,asp__L_e
km_product_ASPt2r,ASPt2r,asp__L_c
km_substrate_ATPM,ATPM,atp_c
km_product1_ATPM,ATPM,pi_c
km_product2_ATPM,ATPM,adp_c
km_substrate_ATPM_g,ATPM_g,atp_c
km_product1_ATPM_g,ATPM_g,pi_c
km_product2_ATPM_g,ATPM_g,adp_c
km_substrate_ATPM_v,ATPM_v,atp_c
km_product1_ATPM_v,ATPM_v,pi_c
km_product2_ATPM_v,ATPM_v,adp_c
km_substrate_ATPS,ATPS,atp_c
km_product1_ATPS,ATPS,pi_c
km_product2_ATPS,ATPS,adp_c
km_substrate1_ATPS3m,ATPS3m,pi_m
km_substrate2_ATPS3m,ATPS3m,adp_m
km_product_ATPS3m,ATPS3m,atp_m
km_substrate1_ATPtm,ATPtm,atp_m
km_product1_ATPtm,ATPtm,atp_c
km_substrate2_ATPtm,ATPtm,adp_c
km_product2_ATPtm,ATPtm,adp_m
km_substrate_ATPtrm,ATPtrm,atp_c
km_product_ATPtrm,ATPtrm,atp_erm
km_substrate_CA2t3ec,CA2t3ec,ca2_e
km_product_CA2t3ec,CA2t3ec,ca2_c
km_substrate1_CBPS,CBPS,hco3_c
km_product1_CBPS,CBPS,adp_c
km_substrate2_CBPS,CBPS,gln__L_c
km_product2_CBPS,CBPS,pi_c
km_substrate3_CBPS,CBPS,atp_c
km_product3_CBPS,CBPS,glu__L_c
km_product4_CBPS,CBPS,cbp_c
km_substrate_CBPt,CBPt,cbp_e
km_product_CBPt,CBPt,cbp_c
km_substrate_CHORM,CHORM,chor_c
km_product_CHORM,CHORM,pphn_c
km_substrate_CHORS,CHORS,_3psme_c
km_product1_CHORS,CHORS,pi_c
km_product2_CHORS,CHORS,chor_c
km_substrate_CITt,CITt,cit_e
km_product_CITt,CITt,cit_c
km_substrate1_CITtam,CITtam,mal__L_m
km_product1_CITtam,CITtam,mal__L_c
km_substrate2_CITtam,CITtam,cit_c
km_product2_CITtam,CITtam,cit_m
km_substrate1_CITtbm,CITtbm,pep_m
km_product1_CITtbm,CITtbm,pep_c
km_substrate2_CITtbm,CITtbm,cit_c
km_product2_CITtbm,CITtbm,cit_m
km_substrate1_CITtcm,CITtcm,icit_m
km_product1_CITtcm,CITtcm,icit_c
km_substrate2_CITtcm,CITtcm,cit_c
km_product2_CITtcm,CITtcm,cit_m
km_substrate_CMPt6,CMPt6,cmp_e
km_product_CMPt6,CMPt6,cmp_c
km_substrate_CO2t,CO2t,co2_c
km_product_CO2t,CO2t,co2_e
km_substrate_CO2tgm,CO2tgm,co2_c
km_product_CO2tgm,CO2tgm,co2_gm
km_substrate_CO2tm,CO2tm,co2_c
km_product_CO2tm,CO2tm,co2_m
km_substrate_COAtrm,COAtrm,coa_c
km_product_COAtrm,COAtrm,coa_erm
km_substrate1_CSm,CSm,oaa_m
km_product1_CSm,CSm,coa_m
km_substrate2_CSm,CSm,accoa_m
km_product2_CSm,CSm,cit_m
km_substrate1_CTPS1,CTPS1,utp_c
km_product1_CTPS1,CTPS1,pi_c
km_substrate2_CTPS1,CTPS1,nh4_c
km_product2_CTPS1,CTPS1,ctp_c
km_substrate3_CTPS1,CTPS1,atp_c
km_product3_CTPS1,CTPS1,adp_c
km_substrate1_CTPS2,CTPS2,utp_c
km_product1_CTPS2,CTPS2,pi_c
km_substrate2_CTPS2,CTPS2,gln__L_c
km_product2_CTPS2,CTPS2,glu__L_c
km_substrate3_CTPS2,CTPS2,atp_c
km_product3_CTPS2,CTPS2,ctp_c
km_product4_CTPS2,CTPS2,adp_c
km_substrate_CTPtrm,CTPtrm,ctp_c
km_product_CTPtrm,CTPtrm,ctp_erm
km_substrate_CU2TRA,CU2TRA,h_e
km_product_CU2TRA,CU2TRA,h_c
km_substrate_CYSt2r,CYSt2r,cys__L_e
km_product_CYSt2r,CYSt2r,cys__L_c
km_substrate1_DDPA,DDPA,pep_c
km_product1_DDPA,DDPA,pi_c
km_substrate2_DDPA,DDPA,e4p_c
km_product2_DDPA,DDPA,_2dda7p_c
km_substrate1_DDPAm,DDPAm,pep_m
km_product1_DDPAm,DDPAm,pi_m
km_substrate2_DDPAm,DDPAm,e4p_m
km_product2_DDPAm,DDPAm,_2dda7p_m
km_substrate1_DHFS,DHFS,glu__L_c
km_product1_DHFS,DHFS,pi_c
km_substrate2_DHFS,DHFS,dhpt_c
km_product2_DHFS,DHFS,dhf_c
km_substrate3_DHFS,DHFS,atp_c
km_product3_DHFS,DHFS,adp_c
km_substrate_DHPTtm,DHPTtm,dhpt_c
km_product_DHPTtm,DHPTtm,dhpt_m
km_substrate_DHQS,DHQS,_2dda7p_c
km_product1_DHQS,DHQS,pi_c
km_product2_DHQS,DHQS,_3dhq_c
km_substrate_DHQTi,DHQTi,_3dhq_c
km_product_DHQTi,DHQTi,_3dhsk_c
km_substrate1_D_LACDcm,D_LACDcm,lac__D_c
km_product1_D_LACDcm,D_LACDcm,focytc_m
km_substrate2_D_LACDcm,D_LACDcm,ficytc_m
km_product2_D_LACDcm,D_LACDcm,pyr_c
km_substrate1_D_LACDm,D_LACDm,lac__D_m
km_product1_D_LACDm,D_LACDm,focytc_m
km_substrate2_D_LACDm,D_LACDm,ficytc_m
km_product2_D_LACDm,D_LACDm,pyr_m
km_substrate_D_LACt2,D_LACt2,lac__D_e
km_product_D_LACt2,D_LACt2,lac__D_c
km_substrate1_D_LACt2m,D_LACt2m,pyr_m
km_product1_D_LACt2m,D_LACt2m,pyr_c
km_substrate2_D_LACt2m,D_LACt2m,lac__D_c
km_product2_D_LACt2m,D_LACt2m,lac__D_m
km_substrate_D_LACtm,D_LACtm,lac__D_c
km_product_D_LACtm,D_LACtm,lac__D_m
km_substrate_E4Ptm,E4Ptm,e4p_c
km_product_E4Ptm,E4Ptm,e4p_m
km_substrate_ENO,ENO,_2pg_c
km_product_ENO,ENO,pep_c
km_substrate_ETOHt,ETOHt,etoh_c
km_product_ETOHt,ETOHt,etoh_e
km_substrate_ETOHtm,ETOHtm,etoh_c
km_product_ETOHtm,ETOHtm,etoh_m
km_substrate_FBA,FBA,fdp_c
km_product1_FBA,FBA,g3p_c
km_product2_FBA,FBA,dhap_c
km_substrate_FBA3,FBA3,s17bp_c
km_product1_FBA3,FBA3,e4p_c
km_product2_FBA3,FBA3,dhap_c
km_substrate_FBP,FBP,fdp_c
km_product1_FBP,FBP,pi_c
km_product2_FBP,FBP,f6p_c
km_substrate1_FERCOXOXI,FERCOXOXI,o2_m
km_substrate2_FERCOXOXI,FERCOXOXI,focytc_m
km_substrate1_FRD2m,FRD2m,succ_m
km_product1_FRD2m,FRD2m,nadh_m
km_substrate2_FRD2m,FRD2m,nad_m
km_product2_FRD2m,FRD2m,fum_m
km_substrate_FRDPtm,FRDPtm,frdp_c
km_product_FRDPtm,FRDPtm,frdp_m
km_substrate_FUM,FUM,fum_c
km_product_FUM,FUM,mal__L_c
km_substrate_FUMm,FUMm,fum_m
km_product_FUMm,FUMm,mal__L_m
km_substrate_FUMtr,FUMtr,fum_e
km_product_FUMtr,FUMtr,fum_c
km_substrate_G1Pt,G1Pt,g1p_e
km_product_G1Pt,G1Pt,g1p_c
km_substrate_G6PDA,G6PDA,gam6p_c
km_product1_G6PDA,G6PDA,nh4_c
km_product2_G6PDA,G6PDA,f6p_c
km_substrate1_G6PDH2r,G6PDH2r,nadp_c
km_product1_G6PDH2r,G6PDH2r,nadph_c
km_substrate2_G6PDH2r,G6PDH2r,g6p_c
km_product2_G6PDH2r,G6PDH2r,_6pgl_c
km_substrate_GAM6Pt,GAM6Pt,gam6p_e
km_product_GAM6Pt,GAM6Pt,gam6p_c
km_substrate1_GAPD,GAPD,pi_c
km_product1_GAPD,GAPD,nadh_c
km_substrate2_GAPD,GAPD,nad_c
km_product2_GAPD,GAPD,_13dpg_c
km_substrate3_GAPD,GAPD,g3p_c
km_substrate_GCALDt,GCALDt,gcald_e
km_product_GCALDt,GCALDt,gcald_c
km_substrate1_GCC2cm,GCC2cm,nad_m
km_product1_GCC2cm,GCC2cm,nadh_m
km_substrate2_GCC2cm,GCC2cm,dhlam_m
km_product2_GCC2cm,GCC2cm,lpam_m
km_substrate1_GF6PTA,GF6PTA,gln__L_c
km_product1_GF6PTA,GF6PTA,glu__L_c
km_substrate2_GF6PTA,GF6PTA,f6p_c
km_product2_GF6PTA,GF6PTA,gam6p_c
km_substrate1_GK1,GK1,gmp_c
km_product1_GK1,GK1,gdp_c
km_substrate2_GK1,GK1,atp_c
km_product2_GK1,GK1,adp_c
km_substrate_GLCt1,GLCt1,glc__D_e
km_product_GLCt1,GLCt1,glc__D_c
km_substrate1_GLNS,GLNS,nh4_c
km_product1_GLNS,GLNS,pi_c
km_substrate2_GLNS,GLNS,glu__L_c
km_product2_GLNS,GLNS,gln__L_c
km_substrate3_GLNS,GLNS,atp_c
km_product3_GLNS,GLNS,adp_c
km_substrate_GLNt2r,GLNt2r,gln__L_e
km_product_GLNt2r,GLNt2r,gln__L_c
km_substrate_GLUDC,GLUDC,glu__L_c
km_product1_GLUDC,GLUDC,co2_c
km_product2_GLUDC,GLUDC,_4abut_c
km_substrate1_GLUDxi,GLUDxi,nad_c
km_product1_GLUDxi,GLUDxi,nh4_c
km_substrate2_GLUDxi,GLUDxi,glu__L_c
km_product2_GLUDxi,GLUDxi,nadh_c
km_product3_GLUDxi,GLUDxi,akg_c
km_substrate1_GLUDy,GLUDy,nh4_c
km_product1_GLUDy,GLUDy,nadp_c
km_substrate2_GLUDy,GLUDy,nadph_c
km_product2_GLUDy,GLUDy,glu__L_c
km_substrate3_GLUDy,GLUDy,akg_c
km_substrate_GLUN,GLUN,gln__L_c
km_product1_GLUN,GLUN,nh4_c
km_product2_GLUN,GLUN,glu__L_c
km_substrate1_GLUPRT,GLUPRT,prpp_c
km_product1_GLUPRT,GLUPRT,pram_c
km_substrate2_GLUPRT,GLUPRT,gln__L_c
km_product2_GLUPRT,GLUPRT,ppi_c
km_product3_GLUPRT,GLUPRT,glu__L_c
km_substrate1_GLUSx,GLUSx,nadh_c
km_product1_GLUSx,GLUSx,glu__L_c
km_substrate2_GLUSx,GLUSx,gln__L_c
km_product2_GLUSx,GLUSx,nad_c
km_substrate3_GLUSx,GLUSx,akg_c
km_substrate_GLUt2r,GLUt2r,glu__L_e
km_product_GLUt2r,GLUt2r,glu__L_c
km_substrate_GLUt7m,GLUt7m,glu__L_c
km_product_GLUt7m,GLUt7m,glu__L_m
km_substrate_GLXt,GLXt,glx_c
km_product_GLXt,GLXt,glx_e
km_substrate1_GLYK,GLYK,nadph_c
km_product1_GLYK,GLYK,pi_c
km_substrate2_GLYK,GLYK,g3p_c
km_product2_GLYK,GLYK,nadp_c
km_substrate3_GLYK,GLYK,atp_c
km_product3_GLYK,GLYK,glyc_c
km_product4_GLYK,GLYK,adp_c
km_substrate_GLYOX,GLYOX,lgt__S_c
km_product1_GLYOX,GLYOX,lac__D_c
km_product2_GLYOX,GLYOX,gthrd_c
km_substrate_GLYOX3,GLYOX3,lac__D_c
km_product_GLYOX3,GLYOX3,mthgxl_c
km_substrate_GLYt2r,GLYt2r,gly_e
km_product_GLYt2r,GLYt2r,gly_c
km_substrate_GLYtm,GLYtm,gly_c
km_product_GLYtm,GLYtm,gly_m
km_substrate1_GMPS2,GMPS2,xmp_c
km_product1_GMPS2,GMPS2,ppi_c
km_substrate2_GMPS2,GMPS2,gln__L_c
km_product2_GMPS2,GMPS2,gmp_c
km_substrate3_GMPS2,GMPS2,atp_c
km_product3_GMPS2,GMPS2,glu__L_c
km_product4_GMPS2,GMPS2,amp_c
km_substrate1_GND,GND,nadp_c
km_product1_GND,GND,ru5p__D_c
km_substrate2_GND,GND,_6pgc_c
km_product2_GND,GND,nadph_c
km_product3_GND,GND,co2_c
km_substrate1_GNK,GNK,glcn_c
km_product1_GNK,GNK,adp_c
km_substrate2_GNK,GNK,atp_c
km_product2_GNK,GNK,_6pgc_c
km_substrate1_GSNK,GSNK,gsn_c
km_product1_GSNK,GSNK,gmp_c
km_substrate2_GSNK,GSNK,atp_c
km_product2_GSNK,GSNK,adp_c
km_substrate1_GUAPRT,GUAPRT,prpp_c
km_product1_GUAPRT,GUAPRT,ppi_c
km_substrate2_GUAPRT,GUAPRT,gua_c
km_product2_GUAPRT,GUAPRT,gmp_c
km_substrate_HCO3E,HCO3E,co2_c
km_product_HCO3E,HCO3E,hco3_c
km_substrate1_HEMEOSm,HEMEOSm,pheme_m
km_product1_HEMEOSm,HEMEOSm,ppi_m
km_substrate2_HEMEOSm,HEMEOSm,frdp_m
km_product2_HEMEOSm,HEMEOSm,hemeO_m
km_substrate1_HEX1,HEX1,glc__D_c
km_product1_HEX1,HEX1,g6p_c
km_substrate2_HEX1,HEX1,atp_c
km_product2_HEX1,HEX1,adp_c
km_substrate_HISTP,HISTP,hisp_c
km_product1_HISTP,HISTP,pi_c
km_product2_HISTP,HISTP,histd_c
km_substrate1_HOMSYN2,HOMSYN2,akg_m
km_product1_HOMSYN2,HOMSYN2,s_0834_m
km_substrate2_HOMSYN2,HOMSYN2,accoa_m
km_product2_HOMSYN2,HOMSYN2,coa_m
km_substrate1_HSTPT,HSTPT,imacp_c
km_product1_HSTPT,HSTPT,hisp_c
km_substrate2_HSTPT,HSTPT,glu__L_c
km_product2_HSTPT,HSTPT,akg_c
km_substrate_Ht,Ht,h_e
km_product_Ht,Ht,h_c
km_substrate_Htce,Htce,h_c
km_product_Htce,Htce,h_ce
km_substrate_Htg,Htg,h_c
km_product_Htg,Htg,h_g
km_substrate_Htgm,Htgm,h_c
km_product_Htgm,Htgm,h_gm
km_substrate_Htm,Htm,h_c
km_product_Htm,Htm,h_m
km_substrate_Htr,Htr,h_c
km_product_Htr,Htr,h_er
km_substrate_Htrm,Htrm,h_c
km_product_Htrm,Htrm,h_erm
km_substrate_Htv,Htv,h_c
km_product_Htv,Htv,h_v
km_substrate1_ICDHxm,ICDHxm,nad_m
km_product1_ICDHxm,ICDHxm,nadh_m
km_substrate2_ICDHxm,ICDHxm,icit_m
km_product2_ICDHxm,ICDHxm,co2_m
km_product3_ICDHxm,ICDHxm,akg_m
km_substrate1_ICDHym,ICDHym,nadp_m
km_product1_ICDHym,ICDHym,nadph_m
km_substrate2_ICDHym,ICDHym,icit_m
km_product2_ICDHym,ICDHym,co2_m
km_product3_ICDHym,ICDHym,akg_m
km_substrate1_ICDHyr,ICDHyr,nadp_c
km_product1_ICDHyr,ICDHyr,nadph_c
km_substrate2_ICDHyr,ICDHyr,icit_c
km_product2_ICDHyr,ICDHyr,co2_c
km_product3_ICDHyr,ICDHyr,akg_c
km_substrate_ICL,ICL,icit_c
km_product1_ICL,ICL,succ_c
km_product2_ICL,ICL,glx_c
km_substrate_ID3ACALDt,ID3ACALDt,id3acald_c
km_product_ID3ACALDt,ID3ACALDt,id3acald_e
km_substrate_ID3ACALDtm,ID3ACALDtm,id3acald_c
km_product_ID3ACALDtm,ID3ACALDtm,id3acald_m
km_substrate1_IG3PS,IG3PS,prlp_c
km_product1_IG3PS,IG3PS,glu__L_c
km_substrate2_IG3PS,IG3PS,gln__L_c
km_product2_IG3PS,IG3PS,eig3p_c
km_product3_IG3PS,IG3PS,aicar_c
km_substrate_IGPDH,IGPDH,eig3p_c
km_product_IGPDH,IGPDH,imacp_c
km_substrate_IGPS,IGPS,_2cpr5p_c
km_product1_IGPS,IGPS,co2_c
km_product2_IGPS,IGPS,_3ig3p_c
km_substrate1_ILETA,ILETA,ile__L_c
km_product1_ILETA,ILETA,glu__L_c
km_substrate2_ILETA,ILETA,akg_c
km_product2_ILETA,ILETA,_3mop_c
km_substrate1_ILETAm,ILETAm,ile__L_m
km_product1_ILETAm,ILETAm,glu__L_m
km_substrate2_ILETAm,ILETAm,akg_m
km_product2_ILETAm,ILETAm,_3mop_m
km_substrate_ILEtmi,ILEtmi,ile__L_m
km_product_ILEtmi,ILEtmi,ile__L_c
km_substrate1_IMPD,IMPD,nad_c
km_product1_IMPD,IMPD,xmp_c
km_substrate2_IMPD,IMPD,imp_c
km_product2_IMPD,IMPD,nadh_c
km_substrate_IND3ETHt,IND3ETHt,ind3eth_c
km_product_IND3ETHt,IND3ETHt,ind3eth_e
km_substrate_IND3ETHtm,IND3ETHtm,ind3eth_c
km_product_IND3ETHtm,IND3ETHtm,ind3eth_m
km_substrate_INDPYRD,INDPYRD,indpyr_c
km_product1_INDPYRD,INDPYRD,id3acald_c
km_product2_INDPYRD,INDPYRD,co2_c
km_substrate1_IPPS,IPPS,accoa_c
km_product1_IPPS,IPPS,coa_c
km_substrate2_IPPS,IPPS,_3mob_c
km_product2_IPPS,IPPS,_3c3hmp_c
km_substrate1_IPPSm,IPPSm,accoa_m
km_product1_IPPSm,IPPSm,coa_m
km_substrate2_IPPSm,IPPSm,_3mob_m
km_product2_IPPSm,IPPSm,_3c3hmp_m
km_substrate_Kt2r,Kt2r,h_e
km_product_Kt2r,Kt2r,h_c
km_substrate1_LALDO3,LALDO3,nadph_c
km_product1_LALDO3,LALDO3,nadp_c
km_substrate2_LALDO3,LALDO3,mthgxl_c
km_product2_LALDO3,LALDO3,lald__L_c
km_substrate1_LCADi,LCADi,nad_c
km_product1_LCADi,LCADi,nadh_c
km_substrate2_LCADi,LCADi,lald__L_c
km_product2_LCADi,LCADi,lac__L_c
km_substrate1_LEUTA,LEUTA,leu__L_c
km_product1_LEUTA,LEUTA,glu__L_c
km_substrate2_LEUTA,LEUTA,akg_c
km_product2_LEUTA,LEUTA,_4mop_c
km_substrate1_LGTHL,LGTHL,mthgxl_c
km_substrate2_LGTHL,LGTHL,gthrd_c
km_product_LGTHL,LGTHL,lgt__S_c
km_substrate1_LMPD_s_0450_c_1_256,LMPD_s_0450_c_1_256,hemeO_m
km_substrate2_LMPD_s_0450_c_1_256,LMPD_s_0450_c_1_256,_4mpetz_c
km_substrate3_LMPD_s_0450_c_1_256,LMPD_s_0450_c_1_256,o2_m
km_substrate4_LMPD_s_0450_c_1_256,LMPD_s_0450_c_1_256,succoa_m
km_substrate5_LMPD_s_0450_c_1_256,LMPD_s_0450_c_1_256,gly_m
km_substrate6_LMPD_s_0450_c_1_256,LMPD_s_0450_c_1_256,dhf_c
km_substrate7_LMPD_s_0450_c_1_256,LMPD_s_0450_c_1_256,_4adcho_c
km_substrate8_LMPD_s_0450_c_1_256,LMPD_s_0450_c_1_256,ca2_c
km_substrate9_LMPD_s_0450_c_1_256,LMPD_s_0450_c_1_256,ru5p__D_c
km_substrate10_LMPD_s_0450_c_1_256,LMPD_s_0450_c_1_256,amp_erm
km_substrate11_LMPD_s_0450_c_1_256,LMPD_s_0450_c_1_256,ctp_c
km_substrate12_LMPD_s_0450_c_1_256,LMPD_s_0450_c_1_256,o2_er
km_substrate13_LMPD_s_0450_c_1_256,LMPD_s_0450_c_1_256,gmp_c
km_substrate14_LMPD_s_0450_c_1_256,LMPD_s_0450_c_1_256,ser__L_erm
km_substrate15_LMPD_s_0450_c_1_256,LMPD_s_0450_c_1_256,ctp_erm
km_substrate16_LMPD_s_0450_c_1_256,LMPD_s_0450_c_1_256,dhap_c
km_substrate17_LMPD_s_0450_c_1_256,LMPD_s_0450_c_1_256,nadph_er
km_substrate18_LMPD_s_0450_c_1_256,LMPD_s_0450_c_1_256,histd_c
km_substrate19_LMPD_s_0450_c_1_256,LMPD_s_0450_c_1_256,pram_c
km_substrate20_LMPD_s_0450_c_1_256,LMPD_s_0450_c_1_256,fpram_c
km_substrate21_LMPD_s_0450_c_1_256,LMPD_s_0450_c_1_256,asn__L_c
km_substrate22_LMPD_s_0450_c_1_256,LMPD_s_0450_c_1_256,tyr__L_c
km_substrate23_LMPD_s_0450_c_1_256,LMPD_s_0450_c_1_256,gln__L_c
km_substrate24_LMPD_s_0450_c_1_256,LMPD_s_0450_c_1_256,o2_erm
km_substrate25_LMPD_s_0450_c_1_256,LMPD_s_0450_c_1_256,nadh_erm
km_substrate26_LMPD_s_0450_c_1_256,LMPD_s_0450_c_1_256,g6p_c
km_substrate27_LMPD_s_0450_c_1_256,LMPD_s_0450_c_1_256,phe__L_c
km_substrate28_LMPD_s_0450_c_1_256,LMPD_s_0450_c_1_256,cbasp_c
km_substrate29_LMPD_s_0450_c_1_256,LMPD_s_0450_c_1_256,aicar_c
km_substrate30_LMPD_s_0450_c_1_256,LMPD_s_0450_c_1_256,orn_c
km_substrate31_LMPD_s_0450_c_1_256,LMPD_s_0450_c_1_256,cbp_c
km_substrate32_LMPD_s_0450_c_1_256,LMPD_s_0450_c_1_256,glu5sa_c
km_substrate33_LMPD_s_0450_c_1_256,LMPD_s_0450_c_1_256,aacoa_c
km_substrate34_LMPD_s_0450_c_1_256,LMPD_s_0450_c_1_256,ile__L_c
km_substrate35_LMPD_s_0450_c_1_256,LMPD_s_0450_c_1_256,_2obut_m
km_substrate36_LMPD_s_0450_c_1_256,LMPD_s_0450_c_1_256,gly_c
km_substrate37_LMPD_s_0450_c_1_256,LMPD_s_0450_c_1_256,prpp_c
km_substrate38_LMPD_s_0450_c_1_256,LMPD_s_0450_c_1_256,trp__L_c
km_substrate39_LMPD_s_0450_c_1_256,LMPD_s_0450_c_1_256,ala__L_c
km_substrate40_LMPD_s_0450_c_1_256,LMPD_s_0450_c_1_256,val__L_c
km_substrate41_LMPD_s_0450_c_1_256,LMPD_s_0450_c_1_256,nad_m
km_substrate42_LMPD_s_0450_c_1_256,LMPD_s_0450_c_1_256,s_0834_m
km_substrate43_LMPD_s_0450_c_1_256,LMPD_s_0450_c_1_256,L2aadp_c
km_substrate44_LMPD_s_0450_c_1_256,LMPD_s_0450_c_1_256,leu__L_c
km_substrate45_LMPD_s_0450_c_1_256,LMPD_s_0450_c_1_256,_3c3hmp_c
km_substrate46_LMPD_s_0450_c_1_256,LMPD_s_0450_c_1_256,glu__L_m
km_substrate47_LMPD_s_0450_c_1_256,LMPD_s_0450_c_1_256,atp_m
km_substrate48_LMPD_s_0450_c_1_256,LMPD_s_0450_c_1_256,acorn_m
km_substrate49_LMPD_s_0450_c_1_256,LMPD_s_0450_c_1_256,o2_c
km_substrate50_LMPD_s_0450_c_1_256,LMPD_s_0450_c_1_256,ser__L_c
km_substrate51_LMPD_s_0450_c_1_256,LMPD_s_0450_c_1_256,accoa_c
km_substrate52_LMPD_s_0450_c_1_256,LMPD_s_0450_c_1_256,glu__L_c
km_substrate53_LMPD_s_0450_c_1_256,LMPD_s_0450_c_1_256,f6p_c
km_substrate54_LMPD_s_0450_c_1_256,LMPD_s_0450_c_1_256,gtp_c
km_substrate55_LMPD_s_0450_c_1_256,LMPD_s_0450_c_1_256,nad_c
km_substrate56_LMPD_s_0450_c_1_256,LMPD_s_0450_c_1_256,asp__L_c
km_substrate57_LMPD_s_0450_c_1_256,LMPD_s_0450_c_1_256,malcoa_c
km_substrate58_LMPD_s_0450_c_1_256,LMPD_s_0450_c_1_256,nadph_m
km_substrate59_LMPD_s_0450_c_1_256,LMPD_s_0450_c_1_256,g1p_c
km_substrate60_LMPD_s_0450_c_1_256,LMPD_s_0450_c_1_256,pyr_m
km_substrate61_LMPD_s_0450_c_1_256,LMPD_s_0450_c_1_256,nadph_c
km_substrate62_LMPD_s_0450_c_1_256,LMPD_s_0450_c_1_256,atp_c
km_substrate1_L_LACD2cm,L_LACD2cm,lac__L_c
km_product1_L_LACD2cm,L_LACD2cm,focytc_m
km_substrate2_L_LACD2cm,L_LACD2cm,ficytc_m
km_product2_L_LACD2cm,L_LACD2cm,pyr_c
km_substrate1_MALS,MALS,glx_c
km_product1_MALS,MALS,mal__L_c
km_substrate2_MALS,MALS,accoa_c
km_product2_MALS,MALS,coa_c
km_substrate_MALt,MALt,mal__L_e
km_product_MALt,MALt,mal__L_c
km_substrate1_MALtm,MALtm,pi_m
km_product1_MALtm,MALtm,pi_c
km_substrate2_MALtm,MALtm,mal__L_c
km_product2_MALtm,MALtm,mal__L_m
km_substrate1_MDH,MDH,nad_c
km_product1_MDH,MDH,oaa_c
km_substrate2_MDH,MDH,mal__L_c
km_product2_MDH,MDH,nadh_c
km_substrate1_MDHm,MDHm,nad_m
km_product1_MDHm,MDHm,oaa_m
km_substrate2_MDHm,MDHm,mal__L_m
km_product2_MDHm,MDHm,nadh_m
km_substrate1_ME1m,ME1m,nad_m
km_product1_ME1m,ME1m,pyr_m
km_substrate2_ME1m,ME1m,mal__L_m
km_product2_ME1m,ME1m,nadh_m
km_product3_ME1m,ME1m,co2_m
km_substrate1_ME2m,ME2m,nadp_m
km_product1_ME2m,ME2m,pyr_m
km_substrate2_ME2m,ME2m,mal__L_m
km_product2_ME2m,ME2m,nadph_m
km_product3_ME2m,ME2m,co2_m
km_substrate_MGSA,MGSA,dhap_c
km_product1_MGSA,MGSA,pi_c
km_product2_MGSA,MGSA,mthgxl_c
km_substrate_MGt2ec,MGt2ec,h_e
km_product_MGt2ec,MGt2ec,h_c
km_substrate_MNt2,MNt2,h_e
km_product_MNt2,MNt2,h_c
km_substrate1_NADH2_u6cm,NADH2_u6cm,q6_m
km_substrate2_NADH2_u6cm,NADH2_u6cm,nadh_c
km_substrate1_NADH2_u6m,NADH2_u6m,q6_m
km_substrate2_NADH2_u6m,NADH2_u6m,nadh_m
km_substrate_NADHtrm,NADHtrm,nadh_c
km_product_NADHtrm,NADHtrm,nadh_erm
km_substrate1_NADK,NADK,nad_c
km_product1_NADK,NADK,nadp_c
km_substrate2_NADK,NADK,atp_c
km_product2_NADK,NADK,adp_c
km_substrate1_NADKIN,NADKIN,nadh_c
km_product1_NADKIN,NADKIN,nadph_c
km_substrate2_NADKIN,NADKIN,atp_c
km_product2_NADKIN,NADKIN,adp_c
km_substrate_NADPHtru,NADPHtru,nadph_c
km_product_NADPHtru,NADPHtru,nadph_er
km_substrate_NADPtru,NADPtru,nadp_c
km_product_NADPtru,NADPtru,nadp_er
km_substrate1_NADS2,NADS2,gln__L_c
km_product1_NADS2,NADS2,ppi_c
km_substrate2_NADS2,NADS2,dnad_c
km_product2_NADS2,NADS2,nad_c
km_substrate3_NADS2,NADS2,atp_c
km_product3_NADS2,NADS2,glu__L_c
km_product4_NADS2,NADS2,amp_c
km_substrate_NADtrm,NADtrm,nad_c
km_product_NADtrm,NADtrm,nad_erm
km_substrate_NAt3_1,NAt3_1,h_e
km_product_NAt3_1,NAt3_1,h_c
km_substrate_NDP1,NDP1,adp_c
km_product1_NDP1,NDP1,pi_c
km_product2_NDP1,NDP1,amp_c
km_substrate_NDP3,NDP3,gdp_c
km_product1_NDP3,NDP3,pi_c
km_product2_NDP3,NDP3,gmp_c
km_substrate1_NDPK1,NDPK1,gdp_c
km_product1_NDPK1,NDPK1,gtp_c
km_substrate2_NDPK1,NDPK1,atp_c
km_product2_NDPK1,NDPK1,adp_c
km_substrate_NH4t,NH4t,nh4_e
km_product_NH4t,NH4t,nh4_c
km_substrate_NTD9,NTD9,gmp_c
km_product1_NTD9,NTD9,pi_c
km_product2_NTD9,NTD9,gsn_c
km_substrate_NTP3,NTP3,gtp_c
km_product1_NTP3,NTP3,pi_c
km_product2_NTP3,NTP3,gdp_c
km_substrate_O2t,O2t,o2_e
km_product_O2t,O2t,o2_c
km_substrate_O2ter,O2ter,o2_c
km_product_O2ter,O2ter,o2_er
km_substrate_O2tm,O2tm,o2_c
km_product_O2tm,O2tm,o2_m
km_substrate_O2trm,O2trm,o2_c
km_product_O2trm,O2trm,o2_erm
km_substrate_OAADC,OAADC,oaa_c
km_product1_OAADC,OAADC,pyr_c
km_product2_OAADC,OAADC,co2_c
km_substrate_OAAt,OAAt,oaa_c
km_product_OAAt,OAAt,oaa_e
km_substrate_OAAt2m,OAAt2m,oaa_c
km_product_OAAt2m,OAAt2m,oaa_m
km_substrate1_ORNTA,ORNTA,orn_c
km_product1_ORNTA,ORNTA,glu__L_c
km_substrate2_ORNTA,ORNTA,akg_c
km_product2_ORNTA,ORNTA,glu5sa_c
km_substrate_ORNt3m,ORNt3m,orn_m
km_product_ORNt3m,ORNt3m,orn_c
km_substrate_PACALDt,PACALDt,pacald_c
km_product_PACALDt,PACALDt,pacald_e
km_substrate_PACALDtm,PACALDtm,pacald_c
km_product_PACALDtm,PACALDtm,pacald_m
km_substrate1_PC,PC,pyr_c
km_product1_PC,PC,pi_c
km_substrate2_PC,PC,hco3_c
km_product2_PC,PC,oaa_c
km_substrate3_PC,PC,atp_c
km_product3_PC,PC,adp_c
km_substrate1_PDHm,PDHm,pyr_m
km_product1_PDHm,PDHm,nadh_m
km_substrate2_PDHm,PDHm,nad_m
km_product2_PDHm,PDHm,co2_m
km_substrate3_PDHm,PDHm,coa_m
km_product3_PDHm,PDHm,accoa_m
km_substrate_PEPt6,PEPt6,pep_e
km_product_PEPt6,PEPt6,pep_c
km_substrate1_PFK,PFK,f6p_c
km_product1_PFK,PFK,fdp_c
km_substrate2_PFK,PFK,atp_c
km_product2_PFK,PFK,adp_c
km_substrate1_PFK_3,PFK_3,s7p_c
km_product1_PFK_3,PFK_3,s17bp_c
km_substrate2_PFK_3,PFK_3,atp_c
km_product2_PFK_3,PFK_3,adp_c
km_substrate1_PGCD,PGCD,nad_c
km_product1_PGCD,PGCD,nadh_c
km_substrate2_PGCD,PGCD,_3pg_c
km_product2_PGCD,PGCD,_3php_c
km_substrate_PGI,PGI,g6p_c
km_product_PGI,PGI,f6p_c
km_substrate1_PGK,PGK,adp_c
km_product1_PGK,PGK,atp_c
km_substrate2_PGK,PGK,_13dpg_c
km_product2_PGK,PGK,_3pg_c
km_substrate_PGL,PGL,_6pgl_c
km_product_PGL,PGL,_6pgc_c
km_substrate_PGM,PGM,_3pg_c
km_product_PGM,PGM,_2pg_c
km_substrate_PGMT,PGMT,g6p_c
km_product_PGMT,PGMT,g1p_c
km_substrate1_PHETA1,PHETA1,phe__L_c
km_product1_PHETA1,PHETA1,phpyr_c
km_substrate2_PHETA1,PHETA1,akg_c
km_product2_PHETA1,PHETA1,glu__L_c
km_substrate1_PHETRA,PHETRA,pyr_c
km_product1_PHETRA,PHETRA,phpyr_c
km_substrate2_PHETRA,PHETRA,phe__L_c
km_product2_PHETRA,PHETRA,ala__L_c
km_substrate_PHEt2r,PHEt2r,phe__L_e
km_product_PHEt2r,PHEt2r,phe__L_c
km_substrate_PIt2m,PIt2m,pi_c
km_product_PIt2m,PIt2m,pi_m
km_substrate_PIt2r,PIt2r,pi_e
km_product_PIt2r,PIt2r,pi_c
km_substrate_PItrm,PItrm,pi_c
km_product_PItrm,PItrm,pi_erm
km_substrate1_PPA,PPA,ppi_c
km_product1_PPA,PPA,pi_c
km_substrate1_PPAm,PPAm,ppi_m
km_product1_PPAm,PPAm,pi_m
km_substrate1_PPCK,PPCK,oaa_c
km_product1_PPCK,PPCK,pep_c
km_substrate2_PPCK,PPCK,atp_c
km_product2_PPCK,PPCK,co2_c
km_product3_PPCK,PPCK,adp_c
km_substrate_PPItm,PPItm,ppi_c
km_product_PPItm,PPItm,ppi_m
km_substrate_PPItrm,PPItrm,ppi_c
km_product_PPItrm,PPItrm,ppi_erm
km_substrate_PPM,PPM,r1p_c
km_product_PPM,PPM,r5p_c
km_substrate1_PPND2,PPND2,pphn_c
km_product1_PPND2,PPND2,nadph_c
km_substrate2_PPND2,PPND2,nadp_c
km_product2_PPND2,PPND2,co2_c
km_product3_PPND2,PPND2,_34hpp_c
km_substrate_PPNDH,PPNDH,pphn_c
km_product1_PPNDH,PPNDH,phpyr_c
km_product2_PPNDH,PPNDH,co2_c
km_substrate_PPYRDC,PPYRDC,phpyr_c
km_product1_PPYRDC,PPYRDC,pacald_c
km_product2_PPYRDC,PPYRDC,co2_c
km_substrate_PRAIi,PRAIi,pran_c
km_product_PRAIi,PRAIi,_2cpr5p_c
km_substrate1_PRASCSi,PRASCSi,atp_c
km_product1_PRASCSi,PRASCSi,pi_c
km_substrate2_PRASCSi,PRASCSi,asp__L_c
km_product2_PRASCSi,PRASCSi,adp_c
km_substrate3_PRASCSi,PRASCSi,_5aizc_c
km_product3_PRASCSi,PRASCSi,_25aics_c
km_substrate1_PRFGS,PRFGS,gln__L_c
km_product1_PRFGS,PRFGS,pi_c
km_substrate2_PRFGS,PRFGS,fgam_c
km_product2_PRFGS,PRFGS,glu__L_c
km_substrate3_PRFGS,PRFGS,atp_c
km_product3_PRFGS,PRFGS,fpram_c
km_product4_PRFGS,PRFGS,adp_c
km_substrate1_PRPPS,PRPPS,r5p_c
km_product1_PRPPS,PRPPS,prpp_c
km_substrate2_PRPPS,PRPPS,atp_c
km_product2_PRPPS,PRPPS,amp_c
km_substrate1_PSCVT,PSCVT,skm5p_c
km_product1_PSCVT,PSCVT,pi_c
km_substrate2_PSCVT,PSCVT,pep_c
km_product2_PSCVT,PSCVT,_3psme_c
km_substrate1_PSERT,PSERT,glu__L_c
km_product1_PSERT,PSERT,pser__L_c
km_substrate2_PSERT,PSERT,_3php_c
km_product2_PSERT,PSERT,akg_c
km_substrate_PSER_Lt6,PSER_Lt6,pser__L_e
km_product_PSER_Lt6,PSER_Lt6,pser__L_c
km_substrate_PSP_L,PSP_L,pser__L_c
km_product1_PSP_L,PSP_L,ser__L_c
km_product2_PSP_L,PSP_L,pi_c
km_substrate1_PUNP3,PUNP3,pi_c
km_product1_PUNP3,PUNP3,r1p_c
km_substrate2_PUNP3,PUNP3,gsn_c
km_product2_PUNP3,PUNP3,gua_c
km_substrate1_PYK,PYK,pep_c
km_product1_PYK,PYK,pyr_c
km_substrate2_PYK,PYK,adp_c
km_product2_PYK,PYK,atp_c
km_substrate1_PYNP2r,PYNP2r,uri_c
km_product1_PYNP2r,PYNP2r,ura_c
km_substrate2_PYNP2r,PYNP2r,pi_c
km_product2_PYNP2r,PYNP2r,r1p_c
km_substrate_PYRDC,PYRDC,pyr_c
km_product1_PYRDC,PYRDC,co2_c
km_product2_PYRDC,PYRDC,acald_c
km_substrate_PYRTRAINPROSYM,PYRTRAINPROSYM,ppi_e
km_product_PYRTRAINPROSYM,PYRTRAINPROSYM,ppi_c
km_substrate_PYRt2,PYRt2,pyr_e
km_product_PYRt2,PYRt2,pyr_c
km_substrate_PYRt2m,PYRt2m,pyr_c
km_product_PYRt2m,PYRt2m,pyr_m
km_substrate1_RBK,RBK,rib__D_c
km_product1_RBK,RBK,r5p_c
km_substrate2_RBK,RBK,atp_c
km_product2_RBK,RBK,adp_c
km_substrate_RPE,RPE,ru5p__D_c
km_product_RPE,RPE,xu5p__D_c
km_substrate_RPI,RPI,ru5p__D_c
km_product_RPI,RPI,r5p_c
km_substrate_SBP,SBP,s17bp_c
km_product1_SBP,SBP,s7p_c
km_product2_SBP,SBP,pi_c
km_substrate_SERD_L,SERD_L,ser__L_c
km_product1_SERD_L,SERD_L,pyr_c
km_product2_SERD_L,SERD_L,nh4_c
km_substrate_SER__Ltrm,SER__Ltrm,ser__L_c
km_product_SER__Ltrm,SER__Ltrm,ser__L_erm
km_substrate_SERt2r,SERt2r,ser__L_e
km_product_SERt2r,SERt2r,ser__L_c
km_substrate1_SHK3Dr,SHK3Dr,nadph_c
km_product1_SHK3Dr,SHK3Dr,skm_c
km_substrate2_SHK3Dr,SHK3Dr,_3dhsk_c
km_product2_SHK3Dr,SHK3Dr,nadp_c
km_substrate1_SHKK,SHKK,skm_c
km_product1_SHKK,SHKK,skm5p_c
km_substrate2_SHKK,SHKK,atp_c
km_product2_SHKK,SHKK,adp_c
km_substrate1_SSALy,SSALy,sucsal_c
km_product1_SSALy,SSALy,succ_c
km_substrate2_SSALy,SSALy,nadp_c
km_product2_SSALy,SSALy,nadph_c
km_substrate_SUCCt,SUCCt,succ_e
km_product_SUCCt,SUCCt,succ_c
km_substrate1_SUCCtm,SUCCtm,succ_c
km_product1_SUCCtm,SUCCtm,succ_m
km_substrate2_SUCCtm,SUCCtm,pi_m
km_product2_SUCCtm,SUCCtm,pi_c
km_substrate1_SUCD2_u6m,SUCD2_u6m,succ_m
km_substrate2_SUCD2_u6m,SUCD2_u6m,q6_m
km_substrate1_SUCFUMtm,SUCFUMtm,succ_c
km_product1_SUCFUMtm,SUCFUMtm,succ_m
km_substrate2_SUCFUMtm,SUCFUMtm,fum_m
km_product2_SUCFUMtm,SUCFUMtm,fum_c
km_substrate1_SUCOAACTm,SUCOAACTm,succoa_m
km_product1_SUCOAACTm,SUCOAACTm,succ_m
km_substrate2_SUCOAACTm,SUCOAACTm,ac_m
km_product2_SUCOAACTm,SUCOAACTm,accoa_m
km_substrate1_SUCOASm,SUCOASm,succoa_m
km_product1_SUCOASm,SUCOASm,succ_m
km_substrate2_SUCOASm,SUCOASm,pi_m
km_product2_SUCOASm,SUCOASm,coa_m
km_substrate3_SUCOASm,SUCOASm,adp_m
km_product3_SUCOASm,SUCOASm,atp_m
km_substrate1_TALA,TALA,s7p_c
km_product1_TALA,TALA,f6p_c
km_substrate2_TALA,TALA,g3p_c
km_product2_TALA,TALA,e4p_c
km_substrate1_THZPSN1_SC,THZPSN1_SC,xu5p__D_c
km_product1_THZPSN1_SC,THZPSN1_SC,pyr_c
km_substrate2_THZPSN1_SC,THZPSN1_SC,gly_c
km_product2_THZPSN1_SC,THZPSN1_SC,nh4_c
km_substrate3_THZPSN1_SC,THZPSN1_SC,cys__L_c
km_product3_THZPSN1_SC,THZPSN1_SC,co2_c
km_substrate4_THZPSN1_SC,THZPSN1_SC,achms_c
km_product4_THZPSN1_SC,THZPSN1_SC,ac_c
km_product5_THZPSN1_SC,THZPSN1_SC,_4mpetz_c
km_product6_THZPSN1_SC,THZPSN1_SC,_4abut_c
km_substrate1_THZPSN2_SC,THZPSN2_SC,r5p_c
km_product1_THZPSN2_SC,THZPSN2_SC,pyr_c
km_substrate2_THZPSN2_SC,THZPSN2_SC,gly_c
km_product2_THZPSN2_SC,THZPSN2_SC,nh4_c
km_substrate3_THZPSN2_SC,THZPSN2_SC,cys__L_c
km_product3_THZPSN2_SC,THZPSN2_SC,co2_c
km_substrate4_THZPSN2_SC,THZPSN2_SC,achms_c
km_product4_THZPSN2_SC,THZPSN2_SC,ac_c
km_product5_THZPSN2_SC,THZPSN2_SC,_4mpetz_c
km_product6_THZPSN2_SC,THZPSN2_SC,_4abut_c
km_substrate1_TKT1,TKT1,xu5p__D_c
km_product1_TKT1,TKT1,s7p_c
km_substrate2_TKT1,TKT1,r5p_c
km_product2_TKT1,TKT1,g3p_c
km_substrate1_TKT2,TKT2,xu5p__D_c
km_product1_TKT2,TKT2,g3p_c
km_substrate2_TKT2,TKT2,e4p_c
km_product2_TKT2,TKT2,f6p_c
km_substrate_TPI,TPI,dhap_c
km_product_TPI,TPI,g3p_c
km_substrate1_TRPS1,TRPS1,ser__L_c
km_product1_TRPS1,TRPS1,trp__L_c
km_substrate2_TRPS1,TRPS1,_3ig3p_c
km_product2_TRPS1,TRPS1,g3p_c
km_substrate1_TRPTA,TRPTA,trp__L_c
km_product1_TRPTA,TRPTA,indpyr_c
km_substrate2_TRPTA,TRPTA,akg_c
km_product2_TRPTA,TRPTA,glu__L_c
km_substrate_TRPt2r,TRPt2r,trp__L_e
km_product_TRPt2r,TRPt2r,trp__L_c
km_substrate1_TYRTA,TYRTA,glu__L_c
km_product1_TYRTA,TYRTA,tyr__L_c
km_substrate2_TYRTA,TYRTA,_34hpp_c
km_product2_TYRTA,TYRTA,akg_c
km_substrate1_TYRTRA,TYRTRA,ala__L_c
km_product1_TYRTRA,TYRTRA,tyr__L_c
km_substrate2_TYRTRA,TYRTRA,_34hpp_c
km_product2_TYRTRA,TYRTRA,pyr_c
km_substrate_TYRt2r,TYRt2r,tyr__L_e
km_product_TYRt2r,TYRt2r,tyr__L_c
km_substrate1_UBICRED,UBICRED,s_1535_m
km_product1_UBICRED,UBICRED,focytc_m
km_substrate2_UBICRED,UBICRED,ficytc_m
km_product2_UBICRED,UBICRED,q6_m
km_substrate_URIH,URIH,uri_c
km_product1_URIH,URIH,ura_c
km_product2_URIH,URIH,rib__D_c
km_substrate1_VALTA,VALTA,val__L_c
km_product1_VALTA,VALTA,glu__L_c
km_substrate2_VALTA,VALTA,akg_c
km_product2_VALTA,VALTA,_3mob_c
km_substrate1_VALTAim,VALTAim,val__L_m
km_product1_VALTAim,VALTAim,glu__L_m
km_substrate2_VALTAim,VALTAim,akg_m
km_product2_VALTAim,VALTAim,_3mob_m
km_substrate_VALt5m,VALt5m,val__L_c
km_product_VALt5m,VALt5m,val__L_m
km_substrate1_araphe3,araphe3,trp__L_c
km_product1_araphe3,araphe3,phe__L_c
km_substrate2_araphe3,araphe3,phpyr_c
km_product2_araphe3,araphe3,indpyr_c
km_substrate_e4p2tp,e4p2tp,e4p_c
km_product_e4p2tp,e4p2tp,e4p_e
km_substrate_g3p2tp,g3p2tp,g3p_c
km_product_g3p2tp,g3p2tp,g3p_e
km_substrate_glyc2tp,glyc2tp,glyc_c
km_product_glyc2tp,glyc2tp,glyc_e
km_substrate_r2073_1,r2073_1,h_e
km_product_r2073_1,r2073_1,h_c
km_substrate1_r_4235,r_4235,glc__D_c
km_product1_r_4235,r_4235,g6p_c
km_substrate2_r_4235,r_4235,atp_c
km_product2_r_4235,r_4235,adp_c
km_substrate_ru5p2tp,ru5p2tp,ru5p__D_c
km_product_ru5p2tp,ru5p2tp,ru5p__D_e
